﻿<process name="Training Calculator-batch 4" version="1.0" narrative="perform action" type="object" runmode="Exclusive" preferredid="b993f39a-76f7-4b17-86c8-d6533250bb0d">
  <appdef>
    <element name="Training Calculator-batch 4">
      <id>312a3297-7d91-4126-a655-c79f990f29ae</id>
      <element name="Main Window">
        <id>acc509d3-585f-48b4-92a2-1bcb071e07e3</id>
        <element name="Click button 8 ">
          <id>34fd59af-9b1c-4cbe-ac07-9c53be1bee57</id>
          <type>Button</type>
          <basetype>Button</basetype>
          <datatype>text</datatype>
          <diagnose>False</diagnose>
          <attributes>
            <attribute name="WindowText" inuse="True">
              <ProcessValue datatype="text" value="" />
            </attribute>
            <attribute name="ClassName" inuse="True">
              <ProcessValue datatype="text" value="Button" />
            </attribute>
            <attribute name="CtrlID">
              <ProcessValue datatype="number" value="0" />
            </attribute>
            <attribute name="X">
              <ProcessValue datatype="number" value="39" />
            </attribute>
            <attribute name="Y">
              <ProcessValue datatype="number" value="64" />
            </attribute>
            <attribute name="Width">
              <ProcessValue datatype="number" value="35" />
            </attribute>
            <attribute name="Height">
              <ProcessValue datatype="number" value="28" />
            </attribute>
            <attribute name="Visible" inuse="True">
              <ProcessValue datatype="flag" value="True" />
            </attribute>
            <attribute name="ScreenVisible" inuse="True">
              <ProcessValue datatype="flag" value="True" />
            </attribute>
            <attribute name="Enabled" inuse="True">
              <ProcessValue datatype="flag" value="True" />
            </attribute>
            <attribute name="Active">
              <ProcessValue datatype="flag" value="False" />
            </attribute>
            <attribute name="Ordinal" inuse="True">
              <ProcessValue datatype="number" value="9" />
            </attribute>
            <attribute name="ChildCount">
              <ProcessValue datatype="number" value="0" />
            </attribute>
            <attribute name="AncestorsText">
              <ProcessValue datatype="text" value="  Calculator &lt;UNKNOWN&gt; " />
            </attribute>
            <attribute name="AncestorCount">
              <ProcessValue datatype="number" value="4" />
            </attribute>
            <attribute name="TypeName">
              <ProcessValue datatype="text" value="Button" />
            </attribute>
            <attribute name="ScreenBounds">
              <ProcessValue datatype="text" value="RECT:873,362,389,907" />
            </attribute>
            <attribute name="pWindowText">
              <ProcessValue datatype="text" value="" />
            </attribute>
            <attribute name="pClassName">
              <ProcessValue datatype="text" value="#32770" />
            </attribute>
            <attribute name="pCtrlID">
              <ProcessValue datatype="number" value="0" />
            </attribute>
            <attribute name="pX">
              <ProcessValue datatype="number" value="11" />
            </attribute>
            <attribute name="pY">
              <ProcessValue datatype="number" value="65" />
            </attribute>
            <attribute name="pWidth">
              <ProcessValue datatype="number" value="191" />
            </attribute>
            <attribute name="pHeight">
              <ProcessValue datatype="number" value="192" />
            </attribute>
            <attribute name="pVisible">
              <ProcessValue datatype="flag" value="True" />
            </attribute>
            <attribute name="pScreenVisible">
              <ProcessValue datatype="flag" value="True" />
            </attribute>
            <attribute name="pEnabled">
              <ProcessValue datatype="flag" value="True" />
            </attribute>
            <attribute name="pActive">
              <ProcessValue datatype="flag" value="False" />
            </attribute>
            <attribute name="pOrdinal">
              <ProcessValue datatype="number" value="3" />
            </attribute>
            <attribute name="pChildCount">
              <ProcessValue datatype="number" value="28" />
            </attribute>
            <attribute name="MatchIndex">
              <ProcessValue datatype="number" value="1" />
            </attribute>
            <attribute name="MatchReverse">
              <ProcessValue datatype="flag" value="True" />
            </attribute>
          </attributes>
        </element>
        <element name="Click button 7">
          <id>be44326d-77dc-4157-86cd-ae6769fa6f9a</id>
          <type>Button</type>
          <basetype>Button</basetype>
          <datatype>text</datatype>
          <diagnose>False</diagnose>
          <attributes>
            <attribute name="WindowText" inuse="True">
              <ProcessValue datatype="text" value="" />
            </attribute>
            <attribute name="ClassName" inuse="True">
              <ProcessValue datatype="text" value="Button" />
            </attribute>
            <attribute name="CtrlID">
              <ProcessValue datatype="number" value="0" />
            </attribute>
            <attribute name="X">
              <ProcessValue datatype="number" value="0" />
            </attribute>
            <attribute name="Y">
              <ProcessValue datatype="number" value="64" />
            </attribute>
            <attribute name="Width">
              <ProcessValue datatype="number" value="35" />
            </attribute>
            <attribute name="Height">
              <ProcessValue datatype="number" value="28" />
            </attribute>
            <attribute name="Visible" inuse="True">
              <ProcessValue datatype="flag" value="True" />
            </attribute>
            <attribute name="ScreenVisible" inuse="True">
              <ProcessValue datatype="flag" value="True" />
            </attribute>
            <attribute name="Enabled" inuse="True">
              <ProcessValue datatype="flag" value="True" />
            </attribute>
            <attribute name="Active">
              <ProcessValue datatype="flag" value="False" />
            </attribute>
            <attribute name="Ordinal" inuse="True">
              <ProcessValue datatype="number" value="3" />
            </attribute>
            <attribute name="ChildCount">
              <ProcessValue datatype="number" value="0" />
            </attribute>
            <attribute name="AncestorsText">
              <ProcessValue datatype="text" value="  Calculator &lt;UNKNOWN&gt; " />
            </attribute>
            <attribute name="AncestorCount">
              <ProcessValue datatype="number" value="4" />
            </attribute>
            <attribute name="TypeName">
              <ProcessValue datatype="text" value="Button" />
            </attribute>
            <attribute name="ScreenBounds">
              <ProcessValue datatype="text" value="RECT:834,362,389,868" />
            </attribute>
            <attribute name="pWindowText">
              <ProcessValue datatype="text" value="" />
            </attribute>
            <attribute name="pClassName">
              <ProcessValue datatype="text" value="#32770" />
            </attribute>
            <attribute name="pCtrlID">
              <ProcessValue datatype="number" value="0" />
            </attribute>
            <attribute name="pX">
              <ProcessValue datatype="number" value="11" />
            </attribute>
            <attribute name="pY">
              <ProcessValue datatype="number" value="65" />
            </attribute>
            <attribute name="pWidth">
              <ProcessValue datatype="number" value="191" />
            </attribute>
            <attribute name="pHeight">
              <ProcessValue datatype="number" value="192" />
            </attribute>
            <attribute name="pVisible">
              <ProcessValue datatype="flag" value="True" />
            </attribute>
            <attribute name="pScreenVisible">
              <ProcessValue datatype="flag" value="True" />
            </attribute>
            <attribute name="pEnabled">
              <ProcessValue datatype="flag" value="True" />
            </attribute>
            <attribute name="pActive">
              <ProcessValue datatype="flag" value="False" />
            </attribute>
            <attribute name="pOrdinal">
              <ProcessValue datatype="number" value="3" />
            </attribute>
            <attribute name="pChildCount">
              <ProcessValue datatype="number" value="28" />
            </attribute>
            <attribute name="MatchIndex">
              <ProcessValue datatype="number" value="1" />
            </attribute>
            <attribute name="MatchReverse">
              <ProcessValue datatype="flag" value="True" />
            </attribute>
          </attributes>
        </element>
        <element name="Multiply*">
          <id>032c8888-60ba-423a-bf49-5b7de560e114</id>
          <type>Button</type>
          <basetype>Button</basetype>
          <datatype>text</datatype>
          <diagnose>False</diagnose>
          <attributes>
            <attribute name="WindowText" inuse="True">
              <ProcessValue datatype="text" value="" />
            </attribute>
            <attribute name="ClassName" inuse="True">
              <ProcessValue datatype="text" value="Button" />
            </attribute>
            <attribute name="CtrlID">
              <ProcessValue datatype="number" value="0" />
            </attribute>
            <attribute name="X">
              <ProcessValue datatype="number" value="117" />
            </attribute>
            <attribute name="Y">
              <ProcessValue datatype="number" value="96" />
            </attribute>
            <attribute name="Width">
              <ProcessValue datatype="number" value="35" />
            </attribute>
            <attribute name="Height">
              <ProcessValue datatype="number" value="28" />
            </attribute>
            <attribute name="Visible" inuse="True">
              <ProcessValue datatype="flag" value="True" />
            </attribute>
            <attribute name="ScreenVisible" inuse="True">
              <ProcessValue datatype="flag" value="True" />
            </attribute>
            <attribute name="Enabled" inuse="True">
              <ProcessValue datatype="flag" value="True" />
            </attribute>
            <attribute name="Active">
              <ProcessValue datatype="flag" value="False" />
            </attribute>
            <attribute name="Ordinal" inuse="True">
              <ProcessValue datatype="number" value="21" />
            </attribute>
            <attribute name="ChildCount">
              <ProcessValue datatype="number" value="0" />
            </attribute>
            <attribute name="AncestorsText">
              <ProcessValue datatype="text" value="  Calculator &lt;UNKNOWN&gt; " />
            </attribute>
            <attribute name="AncestorCount">
              <ProcessValue datatype="number" value="4" />
            </attribute>
            <attribute name="TypeName">
              <ProcessValue datatype="text" value="Button" />
            </attribute>
            <attribute name="ScreenBounds">
              <ProcessValue datatype="text" value="RECT:951,394,421,985" />
            </attribute>
            <attribute name="pWindowText">
              <ProcessValue datatype="text" value="" />
            </attribute>
            <attribute name="pClassName">
              <ProcessValue datatype="text" value="#32770" />
            </attribute>
            <attribute name="pCtrlID">
              <ProcessValue datatype="number" value="0" />
            </attribute>
            <attribute name="pX">
              <ProcessValue datatype="number" value="11" />
            </attribute>
            <attribute name="pY">
              <ProcessValue datatype="number" value="65" />
            </attribute>
            <attribute name="pWidth">
              <ProcessValue datatype="number" value="191" />
            </attribute>
            <attribute name="pHeight">
              <ProcessValue datatype="number" value="192" />
            </attribute>
            <attribute name="pVisible">
              <ProcessValue datatype="flag" value="True" />
            </attribute>
            <attribute name="pScreenVisible">
              <ProcessValue datatype="flag" value="True" />
            </attribute>
            <attribute name="pEnabled">
              <ProcessValue datatype="flag" value="True" />
            </attribute>
            <attribute name="pActive">
              <ProcessValue datatype="flag" value="False" />
            </attribute>
            <attribute name="pOrdinal">
              <ProcessValue datatype="number" value="3" />
            </attribute>
            <attribute name="pChildCount">
              <ProcessValue datatype="number" value="28" />
            </attribute>
            <attribute name="MatchIndex">
              <ProcessValue datatype="number" value="1" />
            </attribute>
            <attribute name="MatchReverse">
              <ProcessValue datatype="flag" value="True" />
            </attribute>
          </attributes>
        </element>
        <element name="Click Equal=">
          <id>34b2244d-566d-479b-b8c2-fa8a055db7c2</id>
          <type>Button</type>
          <basetype>Button</basetype>
          <datatype>text</datatype>
          <diagnose>False</diagnose>
          <attributes>
            <attribute name="WindowText" inuse="True">
              <ProcessValue datatype="text" value="" />
            </attribute>
            <attribute name="ClassName" inuse="True">
              <ProcessValue datatype="text" value="Button" />
            </attribute>
            <attribute name="CtrlID">
              <ProcessValue datatype="number" value="0" />
            </attribute>
            <attribute name="X">
              <ProcessValue datatype="number" value="156" />
            </attribute>
            <attribute name="Y">
              <ProcessValue datatype="number" value="128" />
            </attribute>
            <attribute name="Width">
              <ProcessValue datatype="number" value="35" />
            </attribute>
            <attribute name="Height">
              <ProcessValue datatype="number" value="60" />
            </attribute>
            <attribute name="Visible" inuse="True">
              <ProcessValue datatype="flag" value="True" />
            </attribute>
            <attribute name="ScreenVisible" inuse="True">
              <ProcessValue datatype="flag" value="True" />
            </attribute>
            <attribute name="Enabled" inuse="True">
              <ProcessValue datatype="flag" value="True" />
            </attribute>
            <attribute name="Active">
              <ProcessValue datatype="flag" value="False" />
            </attribute>
            <attribute name="Ordinal" inuse="True">
              <ProcessValue datatype="number" value="28" />
            </attribute>
            <attribute name="ChildCount">
              <ProcessValue datatype="number" value="0" />
            </attribute>
            <attribute name="AncestorsText">
              <ProcessValue datatype="text" value="  Calculator &lt;UNKNOWN&gt; " />
            </attribute>
            <attribute name="AncestorCount">
              <ProcessValue datatype="number" value="4" />
            </attribute>
            <attribute name="TypeName">
              <ProcessValue datatype="text" value="Button" />
            </attribute>
            <attribute name="ScreenBounds">
              <ProcessValue datatype="text" value="RECT:990,426,485,1024" />
            </attribute>
            <attribute name="pWindowText">
              <ProcessValue datatype="text" value="" />
            </attribute>
            <attribute name="pClassName">
              <ProcessValue datatype="text" value="#32770" />
            </attribute>
            <attribute name="pCtrlID">
              <ProcessValue datatype="number" value="0" />
            </attribute>
            <attribute name="pX">
              <ProcessValue datatype="number" value="11" />
            </attribute>
            <attribute name="pY">
              <ProcessValue datatype="number" value="65" />
            </attribute>
            <attribute name="pWidth">
              <ProcessValue datatype="number" value="191" />
            </attribute>
            <attribute name="pHeight">
              <ProcessValue datatype="number" value="192" />
            </attribute>
            <attribute name="pVisible">
              <ProcessValue datatype="flag" value="True" />
            </attribute>
            <attribute name="pScreenVisible">
              <ProcessValue datatype="flag" value="True" />
            </attribute>
            <attribute name="pEnabled">
              <ProcessValue datatype="flag" value="True" />
            </attribute>
            <attribute name="pActive">
              <ProcessValue datatype="flag" value="False" />
            </attribute>
            <attribute name="pOrdinal">
              <ProcessValue datatype="number" value="3" />
            </attribute>
            <attribute name="pChildCount">
              <ProcessValue datatype="number" value="28" />
            </attribute>
            <attribute name="MatchIndex">
              <ProcessValue datatype="number" value="1" />
            </attribute>
            <attribute name="MatchReverse">
              <ProcessValue datatype="flag" value="True" />
            </attribute>
          </attributes>
        </element>
        <element name="Result">
          <id>829b905d-2120-4ede-934e-34ab7c7f29f9</id>
          <type>Label</type>
          <basetype>Label</basetype>
          <datatype>text</datatype>
          <diagnose>False</diagnose>
          <attributes>
            <attribute name="WindowText">
              <ProcessValue datatype="text" value="0" />
            </attribute>
            <attribute name="ClassName" inuse="True">
              <ProcessValue datatype="text" value="Static" />
            </attribute>
            <attribute name="CtrlID">
              <ProcessValue datatype="number" value="0" />
            </attribute>
            <attribute name="X">
              <ProcessValue datatype="number" value="18" />
            </attribute>
            <attribute name="Y">
              <ProcessValue datatype="number" value="15" />
            </attribute>
            <attribute name="Width">
              <ProcessValue datatype="number" value="168" />
            </attribute>
            <attribute name="Height">
              <ProcessValue datatype="number" value="29" />
            </attribute>
            <attribute name="Visible" inuse="True">
              <ProcessValue datatype="flag" value="True" />
            </attribute>
            <attribute name="ScreenVisible" inuse="True">
              <ProcessValue datatype="flag" value="True" />
            </attribute>
            <attribute name="Enabled" inuse="True">
              <ProcessValue datatype="flag" value="True" />
            </attribute>
            <attribute name="Active">
              <ProcessValue datatype="flag" value="False" />
            </attribute>
            <attribute name="Ordinal" inuse="True">
              <ProcessValue datatype="number" value="3" />
            </attribute>
            <attribute name="ChildCount">
              <ProcessValue datatype="number" value="0" />
            </attribute>
            <attribute name="AncestorsText">
              <ProcessValue datatype="text" value="  Calculator &lt;UNKNOWN&gt; " />
            </attribute>
            <attribute name="AncestorCount">
              <ProcessValue datatype="number" value="4" />
            </attribute>
            <attribute name="TypeName">
              <ProcessValue datatype="text" value="Static" />
            </attribute>
            <attribute name="ScreenBounds">
              <ProcessValue datatype="text" value="RECT:852,258,286,1019" />
            </attribute>
            <attribute name="pWindowText">
              <ProcessValue datatype="text" value="" />
            </attribute>
            <attribute name="pClassName">
              <ProcessValue datatype="text" value="#32770" />
            </attribute>
            <attribute name="pCtrlID">
              <ProcessValue datatype="number" value="0" />
            </attribute>
            <attribute name="pX">
              <ProcessValue datatype="number" value="11" />
            </attribute>
            <attribute name="pY">
              <ProcessValue datatype="number" value="10" />
            </attribute>
            <attribute name="pWidth">
              <ProcessValue datatype="number" value="191" />
            </attribute>
            <attribute name="pHeight">
              <ProcessValue datatype="number" value="51" />
            </attribute>
            <attribute name="pVisible">
              <ProcessValue datatype="flag" value="True" />
            </attribute>
            <attribute name="pScreenVisible">
              <ProcessValue datatype="flag" value="True" />
            </attribute>
            <attribute name="pEnabled">
              <ProcessValue datatype="flag" value="True" />
            </attribute>
            <attribute name="pActive">
              <ProcessValue datatype="flag" value="False" />
            </attribute>
            <attribute name="pOrdinal">
              <ProcessValue datatype="number" value="2" />
            </attribute>
            <attribute name="pChildCount">
              <ProcessValue datatype="number" value="4" />
            </attribute>
            <attribute name="MatchIndex">
              <ProcessValue datatype="number" value="1" />
            </attribute>
            <attribute name="MatchReverse">
              <ProcessValue datatype="flag" value="True" />
            </attribute>
          </attributes>
        </element>
        <element name="divide">
          <id>fcfefdbb-a5aa-4f73-a336-99ed36612723</id>
          <type>Button</type>
          <basetype>Button</basetype>
          <datatype>text</datatype>
          <diagnose>False</diagnose>
          <attributes>
            <attribute name="WindowText" inuse="True">
              <ProcessValue datatype="text" value="" />
            </attribute>
            <attribute name="ClassName" inuse="True">
              <ProcessValue datatype="text" value="Button" />
            </attribute>
            <attribute name="CtrlID">
              <ProcessValue datatype="number" value="0" />
            </attribute>
            <attribute name="X">
              <ProcessValue datatype="number" value="117" />
            </attribute>
            <attribute name="Y">
              <ProcessValue datatype="number" value="64" />
            </attribute>
            <attribute name="Width">
              <ProcessValue datatype="number" value="35" />
            </attribute>
            <attribute name="Height">
              <ProcessValue datatype="number" value="28" />
            </attribute>
            <attribute name="Visible" inuse="True">
              <ProcessValue datatype="flag" value="True" />
            </attribute>
            <attribute name="ScreenVisible" inuse="True">
              <ProcessValue datatype="flag" value="True" />
            </attribute>
            <attribute name="Enabled" inuse="True">
              <ProcessValue datatype="flag" value="True" />
            </attribute>
            <attribute name="Active">
              <ProcessValue datatype="flag" value="False" />
            </attribute>
            <attribute name="Ordinal" inuse="True">
              <ProcessValue datatype="number" value="20" />
            </attribute>
            <attribute name="ChildCount">
              <ProcessValue datatype="number" value="0" />
            </attribute>
            <attribute name="AncestorsText">
              <ProcessValue datatype="text" value="  Calculator &lt;UNKNOWN&gt; " />
            </attribute>
            <attribute name="AncestorCount">
              <ProcessValue datatype="number" value="4" />
            </attribute>
            <attribute name="TypeName">
              <ProcessValue datatype="text" value="Button" />
            </attribute>
            <attribute name="ScreenBounds">
              <ProcessValue datatype="text" value="RECT:951,362,389,985" />
            </attribute>
            <attribute name="pWindowText">
              <ProcessValue datatype="text" value="" />
            </attribute>
            <attribute name="pClassName">
              <ProcessValue datatype="text" value="#32770" />
            </attribute>
            <attribute name="pCtrlID">
              <ProcessValue datatype="number" value="0" />
            </attribute>
            <attribute name="pX">
              <ProcessValue datatype="number" value="11" />
            </attribute>
            <attribute name="pY">
              <ProcessValue datatype="number" value="65" />
            </attribute>
            <attribute name="pWidth">
              <ProcessValue datatype="number" value="191" />
            </attribute>
            <attribute name="pHeight">
              <ProcessValue datatype="number" value="192" />
            </attribute>
            <attribute name="pVisible">
              <ProcessValue datatype="flag" value="True" />
            </attribute>
            <attribute name="pScreenVisible">
              <ProcessValue datatype="flag" value="True" />
            </attribute>
            <attribute name="pEnabled">
              <ProcessValue datatype="flag" value="True" />
            </attribute>
            <attribute name="pActive">
              <ProcessValue datatype="flag" value="False" />
            </attribute>
            <attribute name="pOrdinal">
              <ProcessValue datatype="number" value="3" />
            </attribute>
            <attribute name="pChildCount">
              <ProcessValue datatype="number" value="28" />
            </attribute>
            <attribute name="MatchIndex">
              <ProcessValue datatype="number" value="1" />
            </attribute>
            <attribute name="MatchReverse">
              <ProcessValue datatype="flag" value="True" />
            </attribute>
          </attributes>
        </element>
        <element name="click button 4">
          <id>e68c163c-e46a-4825-bc51-103be56cff38</id>
          <type>Button</type>
          <basetype>Button</basetype>
          <datatype>text</datatype>
          <diagnose>False</diagnose>
          <attributes>
            <attribute name="WindowText" inuse="True">
              <ProcessValue datatype="text" value="" />
            </attribute>
            <attribute name="ClassName" inuse="True">
              <ProcessValue datatype="text" value="Button" />
            </attribute>
            <attribute name="CtrlID">
              <ProcessValue datatype="number" value="0" />
            </attribute>
            <attribute name="X">
              <ProcessValue datatype="number" value="0" />
            </attribute>
            <attribute name="Y">
              <ProcessValue datatype="number" value="96" />
            </attribute>
            <attribute name="Width">
              <ProcessValue datatype="number" value="35" />
            </attribute>
            <attribute name="Height">
              <ProcessValue datatype="number" value="28" />
            </attribute>
            <attribute name="Visible" inuse="True">
              <ProcessValue datatype="flag" value="True" />
            </attribute>
            <attribute name="ScreenVisible" inuse="True">
              <ProcessValue datatype="flag" value="True" />
            </attribute>
            <attribute name="Enabled" inuse="True">
              <ProcessValue datatype="flag" value="True" />
            </attribute>
            <attribute name="Active">
              <ProcessValue datatype="flag" value="False" />
            </attribute>
            <attribute name="Ordinal" inuse="True">
              <ProcessValue datatype="number" value="4" />
            </attribute>
            <attribute name="ChildCount">
              <ProcessValue datatype="number" value="0" />
            </attribute>
            <attribute name="AncestorsText">
              <ProcessValue datatype="text" value="  Calculator &lt;UNKNOWN&gt; " />
            </attribute>
            <attribute name="AncestorCount">
              <ProcessValue datatype="number" value="4" />
            </attribute>
            <attribute name="TypeName">
              <ProcessValue datatype="text" value="Button" />
            </attribute>
            <attribute name="ScreenBounds">
              <ProcessValue datatype="text" value="RECT:834,394,421,868" />
            </attribute>
            <attribute name="pWindowText">
              <ProcessValue datatype="text" value="" />
            </attribute>
            <attribute name="pClassName">
              <ProcessValue datatype="text" value="#32770" />
            </attribute>
            <attribute name="pCtrlID">
              <ProcessValue datatype="number" value="0" />
            </attribute>
            <attribute name="pX">
              <ProcessValue datatype="number" value="11" />
            </attribute>
            <attribute name="pY">
              <ProcessValue datatype="number" value="65" />
            </attribute>
            <attribute name="pWidth">
              <ProcessValue datatype="number" value="191" />
            </attribute>
            <attribute name="pHeight">
              <ProcessValue datatype="number" value="192" />
            </attribute>
            <attribute name="pVisible">
              <ProcessValue datatype="flag" value="True" />
            </attribute>
            <attribute name="pScreenVisible">
              <ProcessValue datatype="flag" value="True" />
            </attribute>
            <attribute name="pEnabled">
              <ProcessValue datatype="flag" value="True" />
            </attribute>
            <attribute name="pActive">
              <ProcessValue datatype="flag" value="False" />
            </attribute>
            <attribute name="pOrdinal">
              <ProcessValue datatype="number" value="3" />
            </attribute>
            <attribute name="pChildCount">
              <ProcessValue datatype="number" value="28" />
            </attribute>
            <attribute name="MatchIndex">
              <ProcessValue datatype="number" value="1" />
            </attribute>
            <attribute name="MatchReverse">
              <ProcessValue datatype="flag" value="True" />
            </attribute>
          </attributes>
        </element>
        <element name="substract-">
          <id>463a962b-c09d-469a-88b5-667e87689b03</id>
          <type>Button</type>
          <basetype>Button</basetype>
          <datatype>text</datatype>
          <diagnose>False</diagnose>
          <attributes>
            <attribute name="WindowText" inuse="True">
              <ProcessValue datatype="text" value="" />
            </attribute>
            <attribute name="ClassName" inuse="True">
              <ProcessValue datatype="text" value="Button" />
            </attribute>
            <attribute name="CtrlID">
              <ProcessValue datatype="number" value="0" />
            </attribute>
            <attribute name="X">
              <ProcessValue datatype="number" value="117" />
            </attribute>
            <attribute name="Y">
              <ProcessValue datatype="number" value="128" />
            </attribute>
            <attribute name="Width">
              <ProcessValue datatype="number" value="35" />
            </attribute>
            <attribute name="Height">
              <ProcessValue datatype="number" value="28" />
            </attribute>
            <attribute name="Visible" inuse="True">
              <ProcessValue datatype="flag" value="True" />
            </attribute>
            <attribute name="ScreenVisible" inuse="True">
              <ProcessValue datatype="flag" value="True" />
            </attribute>
            <attribute name="Enabled" inuse="True">
              <ProcessValue datatype="flag" value="True" />
            </attribute>
            <attribute name="Active">
              <ProcessValue datatype="flag" value="False" />
            </attribute>
            <attribute name="Ordinal" inuse="True">
              <ProcessValue datatype="number" value="22" />
            </attribute>
            <attribute name="ChildCount">
              <ProcessValue datatype="number" value="0" />
            </attribute>
            <attribute name="AncestorsText">
              <ProcessValue datatype="text" value="  Calculator &lt;UNKNOWN&gt; " />
            </attribute>
            <attribute name="AncestorCount">
              <ProcessValue datatype="number" value="4" />
            </attribute>
            <attribute name="TypeName">
              <ProcessValue datatype="text" value="Button" />
            </attribute>
            <attribute name="ScreenBounds">
              <ProcessValue datatype="text" value="RECT:413,488,515,447" />
            </attribute>
            <attribute name="pWindowText">
              <ProcessValue datatype="text" value="" />
            </attribute>
            <attribute name="pClassName">
              <ProcessValue datatype="text" value="#32770" />
            </attribute>
            <attribute name="pCtrlID">
              <ProcessValue datatype="number" value="0" />
            </attribute>
            <attribute name="pX">
              <ProcessValue datatype="number" value="11" />
            </attribute>
            <attribute name="pY">
              <ProcessValue datatype="number" value="65" />
            </attribute>
            <attribute name="pWidth">
              <ProcessValue datatype="number" value="191" />
            </attribute>
            <attribute name="pHeight">
              <ProcessValue datatype="number" value="192" />
            </attribute>
            <attribute name="pVisible">
              <ProcessValue datatype="flag" value="True" />
            </attribute>
            <attribute name="pScreenVisible">
              <ProcessValue datatype="flag" value="True" />
            </attribute>
            <attribute name="pEnabled">
              <ProcessValue datatype="flag" value="True" />
            </attribute>
            <attribute name="pActive">
              <ProcessValue datatype="flag" value="False" />
            </attribute>
            <attribute name="pOrdinal">
              <ProcessValue datatype="number" value="3" />
            </attribute>
            <attribute name="pChildCount">
              <ProcessValue datatype="number" value="28" />
            </attribute>
            <attribute name="MatchIndex">
              <ProcessValue datatype="number" value="1" />
            </attribute>
            <attribute name="MatchReverse">
              <ProcessValue datatype="flag" value="True" />
            </attribute>
          </attributes>
        </element>
        <element name="Add+">
          <id>8af05cd4-3821-463f-b9af-85d6233d2bf2</id>
          <type>Button</type>
          <basetype>Button</basetype>
          <datatype>text</datatype>
          <diagnose>False</diagnose>
          <attributes>
            <attribute name="WindowText" inuse="True">
              <ProcessValue datatype="text" value="" />
            </attribute>
            <attribute name="ClassName" inuse="True">
              <ProcessValue datatype="text" value="Button" />
            </attribute>
            <attribute name="CtrlID">
              <ProcessValue datatype="number" value="0" />
            </attribute>
            <attribute name="X">
              <ProcessValue datatype="number" value="117" />
            </attribute>
            <attribute name="Y">
              <ProcessValue datatype="number" value="160" />
            </attribute>
            <attribute name="Width">
              <ProcessValue datatype="number" value="35" />
            </attribute>
            <attribute name="Height">
              <ProcessValue datatype="number" value="28" />
            </attribute>
            <attribute name="Visible" inuse="True">
              <ProcessValue datatype="flag" value="True" />
            </attribute>
            <attribute name="ScreenVisible" inuse="True">
              <ProcessValue datatype="flag" value="True" />
            </attribute>
            <attribute name="Enabled" inuse="True">
              <ProcessValue datatype="flag" value="True" />
            </attribute>
            <attribute name="Active">
              <ProcessValue datatype="flag" value="False" />
            </attribute>
            <attribute name="Ordinal" inuse="True">
              <ProcessValue datatype="number" value="23" />
            </attribute>
            <attribute name="ChildCount">
              <ProcessValue datatype="number" value="0" />
            </attribute>
            <attribute name="AncestorsText">
              <ProcessValue datatype="text" value="  Calculator &lt;UNKNOWN&gt; " />
            </attribute>
            <attribute name="AncestorCount">
              <ProcessValue datatype="number" value="4" />
            </attribute>
            <attribute name="TypeName">
              <ProcessValue datatype="text" value="Button" />
            </attribute>
            <attribute name="ScreenBounds">
              <ProcessValue datatype="text" value="RECT:413,520,547,447" />
            </attribute>
            <attribute name="pWindowText">
              <ProcessValue datatype="text" value="" />
            </attribute>
            <attribute name="pClassName">
              <ProcessValue datatype="text" value="#32770" />
            </attribute>
            <attribute name="pCtrlID">
              <ProcessValue datatype="number" value="0" />
            </attribute>
            <attribute name="pX">
              <ProcessValue datatype="number" value="11" />
            </attribute>
            <attribute name="pY">
              <ProcessValue datatype="number" value="65" />
            </attribute>
            <attribute name="pWidth">
              <ProcessValue datatype="number" value="191" />
            </attribute>
            <attribute name="pHeight">
              <ProcessValue datatype="number" value="192" />
            </attribute>
            <attribute name="pVisible">
              <ProcessValue datatype="flag" value="True" />
            </attribute>
            <attribute name="pScreenVisible">
              <ProcessValue datatype="flag" value="True" />
            </attribute>
            <attribute name="pEnabled">
              <ProcessValue datatype="flag" value="True" />
            </attribute>
            <attribute name="pActive">
              <ProcessValue datatype="flag" value="False" />
            </attribute>
            <attribute name="pOrdinal">
              <ProcessValue datatype="number" value="3" />
            </attribute>
            <attribute name="pChildCount">
              <ProcessValue datatype="number" value="28" />
            </attribute>
            <attribute name="MatchIndex">
              <ProcessValue datatype="number" value="1" />
            </attribute>
            <attribute name="MatchReverse">
              <ProcessValue datatype="flag" value="True" />
            </attribute>
          </attributes>
        </element>
        <type>Window</type>
        <basetype>Window</basetype>
        <datatype>text</datatype>
        <diagnose>False</diagnose>
        <attributes>
          <attribute name="WindowText" inuse="True">
            <ProcessValue datatype="text" value="Calculator" />
          </attribute>
          <attribute name="ClassName" inuse="True">
            <ProcessValue datatype="text" value="CalcFrame" />
          </attribute>
          <attribute name="CtrlID">
            <ProcessValue datatype="number" value="-1058835200" />
          </attribute>
          <attribute name="X">
            <ProcessValue datatype="number" value="815" />
          </attribute>
          <attribute name="Y">
            <ProcessValue datatype="number" value="183" />
          </attribute>
          <attribute name="Width">
            <ProcessValue datatype="number" value="229" />
          </attribute>
          <attribute name="Height">
            <ProcessValue datatype="number" value="323" />
          </attribute>
          <attribute name="Visible" inuse="True">
            <ProcessValue datatype="flag" value="True" />
          </attribute>
          <attribute name="ScreenVisible" inuse="True">
            <ProcessValue datatype="flag" value="True" />
          </attribute>
          <attribute name="Enabled" inuse="True">
            <ProcessValue datatype="flag" value="True" />
          </attribute>
          <attribute name="Active">
            <ProcessValue datatype="flag" value="True" />
          </attribute>
          <attribute name="Ordinal">
            <ProcessValue datatype="number" value="1" />
          </attribute>
          <attribute name="ChildCount">
            <ProcessValue datatype="number" value="1" />
          </attribute>
          <attribute name="AncestorsText">
            <ProcessValue datatype="text" value="&lt;UNKNOWN&gt; " />
          </attribute>
          <attribute name="AncestorCount">
            <ProcessValue datatype="number" value="1" />
          </attribute>
          <attribute name="TypeName">
            <ProcessValue datatype="text" value="CalcFrame" />
          </attribute>
          <attribute name="ScreenBounds">
            <ProcessValue datatype="text" value="RECT:823,233,497,1035" />
          </attribute>
          <attribute name="MatchIndex">
            <ProcessValue datatype="number" value="1" />
          </attribute>
          <attribute name="MatchReverse">
            <ProcessValue datatype="flag" value="True" />
          </attribute>
        </attributes>
      </element>
      <type>Application</type>
      <basetype>Application</basetype>
      <datatype>unknown</datatype>
      <diagnose>False</diagnose>
    </element>
    <apptypeinfo>
      <id>Win32Launch</id>
      <parameters>
        <parameter>
          <name>Path</name>
          <value>C:\Windows\System32\calc.exe</value>
        </parameter>
        <parameter>
          <name>CommandLineParams</name>
          <value>
          </value>
        </parameter>
        <parameter>
          <name>WorkingDirectory</name>
          <value>
          </value>
        </parameter>
        <parameter>
          <name>NonInvasive</name>
          <value>True</value>
        </parameter>
        <parameter>
          <name>ProcessMode</name>
          <value>Internal</value>
        </parameter>
      </parameters>
    </apptypeinfo>
  </appdef>
  <view>
    <camerax>0</camerax>
    <cameray>0</cameray>
    <zoom>1</zoom>
  </view>
  <preconditions />
  <endpoint narrative="" />
  <subsheet subsheetid="487d2729-670d-40b1-9322-581334218c35" type="CleanUp" published="True">
    <name>Clean Up</name>
    <view>
      <camerax>0</camerax>
      <cameray>0</cameray>
      <zoom>1</zoom>
    </view>
  </subsheet>
  <subsheet subsheetid="8071cd1d-ae29-4394-850b-33521670a31c" type="Normal" published="True">
    <name>Multiply</name>
    <view>
      <camerax>0</camerax>
      <cameray>42</cameray>
      <zoom>1</zoom>
    </view>
  </subsheet>
  <subsheet subsheetid="91451eda-4414-482f-ae0e-57cf418fca49" type="Normal" published="False">
    <name>Divide</name>
    <view>
      <camerax>0</camerax>
      <cameray>0</cameray>
      <zoom>1</zoom>
    </view>
  </subsheet>
  <subsheet subsheetid="44b5a299-77eb-4e5d-a342-fd245b848103" type="Normal" published="False">
    <name>Attach</name>
    <view>
      <camerax>0</camerax>
      <cameray>0</cameray>
      <zoom>1</zoom>
    </view>
  </subsheet>
  <subsheet subsheetid="cb381b8f-8841-4cd8-a40b-e4e2a71aa2b5" type="Normal" published="True">
    <name>substract</name>
    <view>
      <camerax>0</camerax>
      <cameray>36</cameray>
      <zoom>1</zoom>
    </view>
  </subsheet>
  <subsheet subsheetid="21db85ec-b0ab-4867-9cb6-75c546a2130a" type="Normal" published="True">
    <name>Add</name>
    <view>
      <camerax>0</camerax>
      <cameray>-24</cameray>
      <zoom>1</zoom>
    </view>
  </subsheet>
  <stage stageid="a154fd1c-0e76-487e-9519-b675b141c1e5" name="Start" type="Start">
    <loginhibit />
    <narrative>
    </narrative>
    <displayx>15</displayx>
    <displayy>-105</displayy>
    <displaywidth>60</displaywidth>
    <displayheight>30</displayheight>
    <font family="Tahoma" size="10" style="Regular" color="000000" />
    <onsuccess>a42a8f2e-9b7c-4f90-b4f1-65ade50fb0aa</onsuccess>
  </stage>
  <stage stageid="a42a8f2e-9b7c-4f90-b4f1-65ade50fb0aa" name="End" type="End">
    <loginhibit />
    <narrative>
    </narrative>
    <displayx>15</displayx>
    <displayy>90</displayy>
    <displaywidth>60</displaywidth>
    <displayheight>30</displayheight>
    <font family="Tahoma" size="10" style="Regular" color="000000" />
  </stage>
  <stage stageid="30eb41f8-49fe-401e-baf6-60c873ab6d7c" name="Stage1" type="ProcessInfo">
    <narrative>
    </narrative>
    <displayx>-195</displayx>
    <displayy>-105</displayy>
    <displaywidth>150</displaywidth>
    <displayheight>90</displayheight>
    <font family="Tahoma" size="10" style="Regular" color="000000" />
    <references>
      <reference>System.Data.dll</reference>
      <reference>System.Xml.dll</reference>
      <reference>System.Drawing.dll</reference>
    </references>
    <imports>
      <import>System</import>
      <import>System.Drawing</import>
    </imports>
    <language>visualbasic</language>
    <globalcode><![CDATA[]]></globalcode>
    <code><![CDATA[]]></code>
  </stage>
  <stage stageid="9c821ab6-1a21-438b-9146-00f40a5f4b8e" name="Clean Up" type="SubSheetInfo">
    <subsheetid>487d2729-670d-40b1-9322-581334218c35</subsheetid>
    <narrative>
    </narrative>
    <displayx>-195</displayx>
    <displayy>-105</displayy>
    <displaywidth>150</displaywidth>
    <displayheight>90</displayheight>
    <font family="Tahoma" size="10" style="Regular" color="000000" />
  </stage>
  <stage stageid="30102ebb-3d02-4d8b-ab76-932dd5cd16d0" name="Start" type="Start">
    <subsheetid>487d2729-670d-40b1-9322-581334218c35</subsheetid>
    <loginhibit />
    <narrative>
    </narrative>
    <displayx>15</displayx>
    <displayy>-105</displayy>
    <displaywidth>60</displaywidth>
    <displayheight>30</displayheight>
    <font family="Tahoma" size="10" style="Regular" color="000000" />
    <onsuccess>4b23bc0c-fa9a-438a-93c3-1cb6c02c60cf</onsuccess>
  </stage>
  <stage stageid="4b23bc0c-fa9a-438a-93c3-1cb6c02c60cf" name="End" type="End">
    <subsheetid>487d2729-670d-40b1-9322-581334218c35</subsheetid>
    <loginhibit />
    <narrative>
    </narrative>
    <displayx>15</displayx>
    <displayy>90</displayy>
    <displaywidth>60</displaywidth>
    <displayheight>30</displayheight>
    <font family="Tahoma" size="10" style="Regular" color="000000" />
  </stage>
  <stage stageid="d0120f91-78d4-44e1-8eb0-6b4cc2b592cb" name="Multiply" type="SubSheetInfo">
    <subsheetid>8071cd1d-ae29-4394-850b-33521670a31c</subsheetid>
    <narrative>
    </narrative>
    <displayx>-195</displayx>
    <displayy>-105</displayy>
    <displaywidth>150</displaywidth>
    <displayheight>90</displayheight>
    <font family="Tahoma" size="10" style="Regular" color="000000" />
  </stage>
  <stage stageid="868987f9-7f14-4a6c-ba05-521ae10f8bb7" name="Start" type="Start">
    <subsheetid>8071cd1d-ae29-4394-850b-33521670a31c</subsheetid>
    <loginhibit />
    <narrative>
    </narrative>
    <displayx>15</displayx>
    <displayy>-180</displayy>
    <displaywidth>60</displaywidth>
    <displayheight>30</displayheight>
    <font family="Tahoma" size="10" style="Regular" color="000000" />
    <onsuccess>d36ef7b1-ab62-46df-a668-9e0ebafc7074</onsuccess>
  </stage>
  <stage stageid="82b77440-348c-48fc-99e6-ef91f2439fe4" name="End" type="End">
    <subsheetid>8071cd1d-ae29-4394-850b-33521670a31c</subsheetid>
    <loginhibit />
    <narrative>
    </narrative>
    <displayx>15</displayx>
    <displayy>315</displayy>
    <displaywidth>60</displaywidth>
    <displayheight>30</displayheight>
    <font family="Tahoma" size="10" style="Regular" color="000000" />
    <outputs>
      <output type="text" name="Output" stage="Output" />
    </outputs>
  </stage>
  <stage stageid="bdc91717-fd8d-4c3c-85fb-56670b849731" name="new" type="Note">
    <subsheetid>487d2729-670d-40b1-9322-581334218c35</subsheetid>
    <narrative>Clean Up Page

This is an optional page where you might choose to perform some finalisation (or "cleanup") tasks as your business object is closed down.

The cleanup action will be called automatically immediately after closing your business object at the end of a business process.

You will not be able to call this action from a business process, nor will it be called at any other time than before the disposal of the business object.</narrative>
    <displayx>-180</displayx>
    <displayy>60</displayy>
    <displaywidth>180</displaywidth>
    <displayheight>230</displayheight>
    <font family="Tahoma" size="10" style="Regular" color="000000" />
  </stage>
  <stage stageid="98a04de3-d2ba-4d2e-8bda-ee56a3de95da" name="new" type="Note">
    <narrative>Initialise Page

This is an optional page where you might choose to perform some initialisation tasks after your business object is loaded.

The initialise action will be called automatically immediately after loading your business object.

You will not be able to call this action from a business process, nor will it be called at any other time than after the creation of the object.</narrative>
    <displayx>-180</displayx>
    <displayy>60</displayy>
    <displaywidth>180</displaywidth>
    <displayheight>230</displayheight>
    <font family="Tahoma" size="10" style="Regular" color="000000" />
  </stage>
  <stage stageid="8af62c1c-ce73-4df1-9a08-f19fe2b98b4a" name="Click on button 8" type="Navigate">
    <subsheetid>8071cd1d-ae29-4394-850b-33521670a31c</subsheetid>
    <loginhibit />
    <narrative>
    </narrative>
    <displayx>15</displayx>
    <displayy>-45</displayy>
    <displaywidth>120</displaywidth>
    <displayheight>30</displayheight>
    <font family="Tahoma" size="10" style="Regular" color="000000" />
    <onsuccess>47c9f079-fdd3-47ba-ab33-c63c39425e1c</onsuccess>
    <step>
      <element id="34fd59af-9b1c-4cbe-ac07-9c53be1bee57" />
      <action>
        <id>Press</id>
      </action>
    </step>
  </stage>
  <stage stageid="47c9f079-fdd3-47ba-ab33-c63c39425e1c" name="click on button multiply" type="Navigate">
    <subsheetid>8071cd1d-ae29-4394-850b-33521670a31c</subsheetid>
    <loginhibit />
    <narrative>
    </narrative>
    <displayx>15</displayx>
    <displayy>30</displayy>
    <displaywidth>90</displaywidth>
    <displayheight>30</displayheight>
    <font family="Tahoma" size="10" style="Regular" color="000000" />
    <onsuccess>64af8a1e-576d-4c39-b8bc-6202d4187a97</onsuccess>
    <step>
      <element id="032c8888-60ba-423a-bf49-5b7de560e114" />
      <action>
        <id>Press</id>
      </action>
    </step>
  </stage>
  <stage stageid="64af8a1e-576d-4c39-b8bc-6202d4187a97" name="click on button 7" type="Navigate">
    <subsheetid>8071cd1d-ae29-4394-850b-33521670a31c</subsheetid>
    <loginhibit />
    <narrative>
    </narrative>
    <displayx>15</displayx>
    <displayy>105</displayy>
    <displaywidth>90</displaywidth>
    <displayheight>30</displayheight>
    <font family="Tahoma" size="10" style="Regular" color="000000" />
    <onsuccess>dc1ebed5-96fb-40e0-b9c9-2e5019b5df4c</onsuccess>
    <step>
      <element id="be44326d-77dc-4157-86cd-ae6769fa6f9a" />
      <action>
        <id>Press</id>
      </action>
    </step>
  </stage>
  <stage stageid="dc1ebed5-96fb-40e0-b9c9-2e5019b5df4c" name="Click on button equal to" type="Navigate">
    <subsheetid>8071cd1d-ae29-4394-850b-33521670a31c</subsheetid>
    <loginhibit />
    <narrative>
    </narrative>
    <displayx>15</displayx>
    <displayy>180</displayy>
    <displaywidth>90</displaywidth>
    <displayheight>30</displayheight>
    <font family="Tahoma" size="10" style="Regular" color="000000" />
    <onsuccess>5720e020-5c77-4b02-9697-f90a4bbc9515</onsuccess>
    <step>
      <element id="34b2244d-566d-479b-b8c2-fa8a055db7c2" />
      <action>
        <id>Press</id>
      </action>
    </step>
  </stage>
  <stage stageid="5720e020-5c77-4b02-9697-f90a4bbc9515" name="Read result" type="Read">
    <subsheetid>8071cd1d-ae29-4394-850b-33521670a31c</subsheetid>
    <loginhibit />
    <narrative>
    </narrative>
    <displayx>15</displayx>
    <displayy>240</displayy>
    <displaywidth>60</displaywidth>
    <displayheight>30</displayheight>
    <font family="Tahoma" size="10" style="Regular" color="000000" />
    <onsuccess>82b77440-348c-48fc-99e6-ef91f2439fe4</onsuccess>
    <step stage="Output">
      <element id="829b905d-2120-4ede-934e-34ab7c7f29f9" />
      <action>
        <id>GetWindowText</id>
      </action>
    </step>
  </stage>
  <stage stageid="d395fe82-11d2-493b-bc1b-0a33b148456d" name="Output" type="Data">
    <subsheetid>8071cd1d-ae29-4394-850b-33521670a31c</subsheetid>
    <narrative>
    </narrative>
    <displayx>225</displayx>
    <displayy>240</displayy>
    <displaywidth>60</displaywidth>
    <displayheight>30</displayheight>
    <font family="Tahoma" size="10" style="Regular" color="000000" />
    <datatype>text</datatype>
    <initialvalue />
    <private />
    <alwaysinit />
  </stage>
  <stage stageid="4a88dd22-b3ea-4d3e-b23b-28e916f075a8" name="Divide" type="SubSheetInfo">
    <subsheetid>91451eda-4414-482f-ae0e-57cf418fca49</subsheetid>
    <narrative>
    </narrative>
    <displayx>-195</displayx>
    <displayy>-105</displayy>
    <displaywidth>150</displaywidth>
    <displayheight>90</displayheight>
    <font family="Tahoma" size="10" style="Regular" color="000000" />
  </stage>
  <stage stageid="4a6ca391-25c3-42a9-b834-09a7177048c9" name="Start" type="Start">
    <subsheetid>91451eda-4414-482f-ae0e-57cf418fca49</subsheetid>
    <loginhibit />
    <narrative>
    </narrative>
    <displayx>0</displayx>
    <displayy>-225</displayy>
    <displaywidth>60</displaywidth>
    <displayheight>30</displayheight>
    <font family="Tahoma" size="10" style="Regular" color="000000" />
    <onsuccess>78c39a69-b620-454e-a1fc-de79c849c81f</onsuccess>
  </stage>
  <stage stageid="1595244c-3a51-4faf-91ab-14674545b773" name="End" type="End">
    <subsheetid>91451eda-4414-482f-ae0e-57cf418fca49</subsheetid>
    <loginhibit />
    <narrative>
    </narrative>
    <displayx>0</displayx>
    <displayy>150</displayy>
    <displaywidth>60</displaywidth>
    <displayheight>30</displayheight>
    <font family="Tahoma" size="10" style="Regular" color="000000" />
  </stage>
  <stage stageid="78c39a69-b620-454e-a1fc-de79c849c81f" name="click 8" type="Navigate">
    <subsheetid>91451eda-4414-482f-ae0e-57cf418fca49</subsheetid>
    <loginhibit />
    <narrative>
    </narrative>
    <displayx>0</displayx>
    <displayy>-165</displayy>
    <displaywidth>60</displaywidth>
    <displayheight>30</displayheight>
    <font family="Tahoma" size="10" style="Regular" color="000000" />
    <onsuccess>73352bc5-5c3b-42fd-a162-d6605a8f5834</onsuccess>
    <step>
      <element id="34fd59af-9b1c-4cbe-ac07-9c53be1bee57" />
      <action>
        <id>Press</id>
      </action>
    </step>
  </stage>
  <stage stageid="73352bc5-5c3b-42fd-a162-d6605a8f5834" name="divide" type="Navigate">
    <subsheetid>91451eda-4414-482f-ae0e-57cf418fca49</subsheetid>
    <loginhibit />
    <narrative>
    </narrative>
    <displayx>0</displayx>
    <displayy>-105</displayy>
    <displaywidth>60</displaywidth>
    <displayheight>30</displayheight>
    <font family="Tahoma" size="10" style="Regular" color="000000" />
    <onsuccess>e3f78810-b61e-455a-b36c-814fda41b686</onsuccess>
    <step>
      <element id="fcfefdbb-a5aa-4f73-a336-99ed36612723" />
      <action>
        <id>Press</id>
      </action>
    </step>
  </stage>
  <stage stageid="e3f78810-b61e-455a-b36c-814fda41b686" name="click 4" type="Navigate">
    <subsheetid>91451eda-4414-482f-ae0e-57cf418fca49</subsheetid>
    <loginhibit />
    <narrative>
    </narrative>
    <displayx>0</displayx>
    <displayy>-45</displayy>
    <displaywidth>60</displaywidth>
    <displayheight>30</displayheight>
    <font family="Tahoma" size="10" style="Regular" color="000000" />
    <onsuccess>0196c139-601e-48f0-b228-b2f7298a28a2</onsuccess>
    <step>
      <element id="e68c163c-e46a-4825-bc51-103be56cff38" />
      <action>
        <id>Press</id>
      </action>
    </step>
  </stage>
  <stage stageid="0196c139-601e-48f0-b228-b2f7298a28a2" name="equal" type="Navigate">
    <subsheetid>91451eda-4414-482f-ae0e-57cf418fca49</subsheetid>
    <loginhibit />
    <narrative>
    </narrative>
    <displayx>0</displayx>
    <displayy>15</displayy>
    <displaywidth>60</displaywidth>
    <displayheight>30</displayheight>
    <font family="Tahoma" size="10" style="Regular" color="000000" />
    <onsuccess>56abbbe8-dcba-4143-96a5-2164d53f21c6</onsuccess>
    <step>
      <element id="34b2244d-566d-479b-b8c2-fa8a055db7c2" />
      <action>
        <id>Press</id>
      </action>
    </step>
  </stage>
  <stage stageid="56abbbe8-dcba-4143-96a5-2164d53f21c6" name="Reader1" type="Read">
    <subsheetid>91451eda-4414-482f-ae0e-57cf418fca49</subsheetid>
    <loginhibit />
    <narrative>
    </narrative>
    <displayx>0</displayx>
    <displayy>75</displayy>
    <displaywidth>60</displaywidth>
    <displayheight>30</displayheight>
    <font family="Tahoma" size="10" style="Regular" color="000000" />
    <onsuccess>1595244c-3a51-4faf-91ab-14674545b773</onsuccess>
    <step stage="o">
      <element id="829b905d-2120-4ede-934e-34ab7c7f29f9" />
      <action>
        <id>GetWindowText</id>
      </action>
    </step>
  </stage>
  <stage stageid="769b382e-4eaf-4405-88f2-610322e5da98" name="o" type="Data">
    <subsheetid>91451eda-4414-482f-ae0e-57cf418fca49</subsheetid>
    <narrative>
    </narrative>
    <displayx>90</displayx>
    <displayy>75</displayy>
    <displaywidth>60</displaywidth>
    <displayheight>30</displayheight>
    <font family="Tahoma" size="10" style="Regular" color="000000" />
    <datatype>text</datatype>
    <initialvalue />
    <private />
    <alwaysinit />
  </stage>
  <stage stageid="46fbf3b4-2202-4c09-b9a5-fbb4aace0bf4" name="Attach" type="SubSheetInfo">
    <subsheetid>44b5a299-77eb-4e5d-a342-fd245b848103</subsheetid>
    <narrative>
    </narrative>
    <displayx>-195</displayx>
    <displayy>-105</displayy>
    <displaywidth>150</displaywidth>
    <displayheight>90</displayheight>
    <font family="Tahoma" size="10" style="Regular" color="000000" />
  </stage>
  <stage stageid="3541c360-64b9-4cef-a20b-585d66ccc7f8" name="Start" type="Start">
    <subsheetid>44b5a299-77eb-4e5d-a342-fd245b848103</subsheetid>
    <loginhibit />
    <narrative>
    </narrative>
    <displayx>15</displayx>
    <displayy>-180</displayy>
    <displaywidth>60</displaywidth>
    <displayheight>30</displayheight>
    <font family="Tahoma" size="10" style="Regular" color="000000" />
    <onsuccess>5c36542f-b64e-42d5-a3c9-21eaaf04be3e</onsuccess>
  </stage>
  <stage stageid="d8dcae96-96f0-48a1-8392-b38274f30a30" name="End" type="End">
    <subsheetid>44b5a299-77eb-4e5d-a342-fd245b848103</subsheetid>
    <loginhibit />
    <narrative>
    </narrative>
    <displayx>15</displayx>
    <displayy>135</displayy>
    <displaywidth>60</displaywidth>
    <displayheight>30</displayheight>
    <font family="Tahoma" size="10" style="Regular" color="000000" />
  </stage>
  <stage stageid="5c36542f-b64e-42d5-a3c9-21eaaf04be3e" name="Is connected" type="Read">
    <subsheetid>44b5a299-77eb-4e5d-a342-fd245b848103</subsheetid>
    <loginhibit />
    <narrative>
    </narrative>
    <displayx>15</displayx>
    <displayy>-90</displayy>
    <displaywidth>60</displaywidth>
    <displayheight>60</displayheight>
    <font family="Tahoma" size="10" style="Regular" color="000000" />
    <onsuccess>306026f1-a5a4-4a58-bf07-72f9e42ec02b</onsuccess>
    <step stage="Is connected">
      <element id="312a3297-7d91-4126-a655-c79f990f29ae" />
      <action>
        <id>IsConnected</id>
      </action>
    </step>
  </stage>
  <stage stageid="305ef9ed-62b8-4cba-8c20-eddb0e3086a6" name="Is connected" type="Data">
    <subsheetid>44b5a299-77eb-4e5d-a342-fd245b848103</subsheetid>
    <narrative>
    </narrative>
    <displayx>255</displayx>
    <displayy>-105</displayy>
    <displaywidth>90</displaywidth>
    <displayheight>60</displayheight>
    <font family="Tahoma" size="10" style="Regular" color="000000" />
    <datatype>flag</datatype>
    <initialvalue />
    <private />
    <alwaysinit />
  </stage>
  <stage stageid="306026f1-a5a4-4a58-bf07-72f9e42ec02b" name="Is connected" type="Decision">
    <subsheetid>44b5a299-77eb-4e5d-a342-fd245b848103</subsheetid>
    <loginhibit />
    <narrative>
    </narrative>
    <displayx>15</displayx>
    <displayy>0</displayy>
    <displaywidth>90</displaywidth>
    <displayheight>90</displayheight>
    <font family="Tahoma" size="10" style="Regular" color="000000" />
    <decision expression="[Is connected]=True" />
    <ontrue>d8dcae96-96f0-48a1-8392-b38274f30a30</ontrue>
    <onfalse>73013983-9296-49cc-b1ba-16eccbb4c83a</onfalse>
  </stage>
  <stage stageid="73013983-9296-49cc-b1ba-16eccbb4c83a" name="Attach" type="Navigate">
    <subsheetid>44b5a299-77eb-4e5d-a342-fd245b848103</subsheetid>
    <loginhibit />
    <narrative>
    </narrative>
    <displayx>195</displayx>
    <displayy>0</displayy>
    <displaywidth>60</displaywidth>
    <displayheight>30</displayheight>
    <font family="Tahoma" size="10" style="Regular" color="000000" />
    <onsuccess>3f7456ea-2aac-4e06-ac2c-cee98e424d97</onsuccess>
    <step>
      <element id="312a3297-7d91-4126-a655-c79f990f29ae" />
      <action>
        <id>AttachApplication</id>
        <arguments>
          <argument>
            <id>WindowTitlesCollection</id>
            <value>
            </value>
          </argument>
          <argument>
            <id>WindowTitle</id>
            <value>"Calculator"</value>
          </argument>
          <argument>
            <id>ProcessName</id>
            <value>"calc*"</value>
          </argument>
          <argument>
            <id>ChildIndex</id>
            <value>
            </value>
          </argument>
        </arguments>
      </action>
    </step>
  </stage>
  <stage stageid="a128d199-cadd-4230-8267-09eec849ed81" name="Recover1" type="Recover">
    <subsheetid>44b5a299-77eb-4e5d-a342-fd245b848103</subsheetid>
    <loginhibit />
    <narrative>
    </narrative>
    <displayx>510</displayx>
    <displayy>-105</displayy>
    <displaywidth>60</displaywidth>
    <displayheight>30</displayheight>
    <font family="Tahoma" size="10" style="Regular" color="000000" />
    <onsuccess>e535534f-a22a-4975-8a19-8ff726fd05a8</onsuccess>
  </stage>
  <stage stageid="3f7456ea-2aac-4e06-ac2c-cee98e424d97" name="anchor1" type="Anchor">
    <subsheetid>44b5a299-77eb-4e5d-a342-fd245b848103</subsheetid>
    <loginhibit />
    <narrative>
    </narrative>
    <displayx>195</displayx>
    <displayy>135</displayy>
    <displaywidth>10</displaywidth>
    <displayheight>10</displayheight>
    <font family="Tahoma" size="10" style="Regular" color="000000" />
    <onsuccess>d8dcae96-96f0-48a1-8392-b38274f30a30</onsuccess>
  </stage>
  <stage stageid="e535534f-a22a-4975-8a19-8ff726fd05a8" name="Launch" type="Navigate">
    <subsheetid>44b5a299-77eb-4e5d-a342-fd245b848103</subsheetid>
    <loginhibit />
    <narrative>
    </narrative>
    <displayx>510</displayx>
    <displayy>0</displayy>
    <displaywidth>60</displaywidth>
    <displayheight>30</displayheight>
    <font family="Tahoma" size="10" style="Regular" color="000000" />
    <onsuccess>f32afcbe-7302-4f18-b3aa-5f70cd53f931</onsuccess>
    <step>
      <element id="312a3297-7d91-4126-a655-c79f990f29ae" />
      <action>
        <id>Launch</id>
        <arguments>
          <argument>
            <id>Path</id>
            <value>
            </value>
          </argument>
          <argument>
            <id>CommandLineParams</id>
            <value>
            </value>
          </argument>
          <argument>
            <id>WorkingDirectory</id>
            <value>
            </value>
          </argument>
          <argument>
            <id>NonInvasive</id>
            <value>
            </value>
          </argument>
          <argument>
            <id>ProcessMode</id>
            <value>
            </value>
          </argument>
        </arguments>
      </action>
    </step>
  </stage>
  <stage stageid="f32afcbe-7302-4f18-b3aa-5f70cd53f931" name="Resume1" type="Resume">
    <subsheetid>44b5a299-77eb-4e5d-a342-fd245b848103</subsheetid>
    <loginhibit />
    <narrative>
    </narrative>
    <displayx>510</displayx>
    <displayy>135</displayy>
    <displaywidth>60</displaywidth>
    <displayheight>30</displayheight>
    <font family="Tahoma" size="10" style="Regular" color="000000" />
    <onsuccess>3f7456ea-2aac-4e06-ac2c-cee98e424d97</onsuccess>
  </stage>
  <stage stageid="d36ef7b1-ab62-46df-a668-9e0ebafc7074" name="Attach" type="SubSheet">
    <subsheetid>8071cd1d-ae29-4394-850b-33521670a31c</subsheetid>
    <loginhibit />
    <narrative>
    </narrative>
    <displayx>15</displayx>
    <displayy>-120</displayy>
    <displaywidth>60</displaywidth>
    <displayheight>30</displayheight>
    <font family="Tahoma" size="10" style="Regular" color="000000" />
    <onsuccess>5c911bf3-4468-460c-b885-9b23fe42d8b6</onsuccess>
    <processid>44b5a299-77eb-4e5d-a342-fd245b848103</processid>
  </stage>
  <stage stageid="3d594c46-405a-48dd-a675-8c79a32cfd47" name="Time Out1" type="WaitEnd">
    <subsheetid>8071cd1d-ae29-4394-850b-33521670a31c</subsheetid>
    <loginhibit />
    <narrative>
    </narrative>
    <displayx>315</displayx>
    <displayy>120</displayy>
    <displaywidth>30</displaywidth>
    <displayheight>30</displayheight>
    <font family="Tahoma" size="10" style="Regular" color="000000" />
    <onsuccess>82b77440-348c-48fc-99e6-ef91f2439fe4</onsuccess>
    <groupid>22762d88-7c00-4ed1-a81f-52338b793e3b</groupid>
  </stage>
  <stage stageid="5c911bf3-4468-460c-b885-9b23fe42d8b6" name="Wait1" type="WaitStart">
    <subsheetid>8071cd1d-ae29-4394-850b-33521670a31c</subsheetid>
    <loginhibit />
    <narrative>
    </narrative>
    <displayx>315</displayx>
    <displayy>-120</displayy>
    <displaywidth>30</displaywidth>
    <displayheight>30</displayheight>
    <font family="Tahoma" size="10" style="Regular" color="000000" />
    <groupid>22762d88-7c00-4ed1-a81f-52338b793e3b</groupid>
    <choices>
      <choice reply="True">
        <name>Main Window Check Exists</name>
        <distance>75</distance>
        <ontrue>ac350fb4-0c9a-4e28-90f8-d3c3e163a4dd</ontrue>
        <element id="acc509d3-585f-48b4-92a2-1bcb071e07e3" />
        <condition>
          <id>CheckExists</id>
        </condition>
        <comparetype>Equal</comparetype>
      </choice>
    </choices>
    <timeout>5</timeout>
  </stage>
  <stage stageid="ac350fb4-0c9a-4e28-90f8-d3c3e163a4dd" name="Activate" type="Navigate">
    <subsheetid>8071cd1d-ae29-4394-850b-33521670a31c</subsheetid>
    <loginhibit />
    <narrative>
    </narrative>
    <displayx>150</displayx>
    <displayy>-45</displayy>
    <displaywidth>60</displaywidth>
    <displayheight>30</displayheight>
    <font family="Tahoma" size="10" style="Regular" color="000000" />
    <onsuccess>8af62c1c-ce73-4df1-9a08-f19fe2b98b4a</onsuccess>
    <step>
      <element id="acc509d3-585f-48b4-92a2-1bcb071e07e3" />
      <action>
        <id>ActivateApp</id>
      </action>
    </step>
  </stage>
  <stage stageid="5c966031-d204-446d-9bec-70817161f75d" name="substract" type="SubSheetInfo">
    <subsheetid>cb381b8f-8841-4cd8-a40b-e4e2a71aa2b5</subsheetid>
    <narrative>
    </narrative>
    <displayx>-195</displayx>
    <displayy>-105</displayy>
    <displaywidth>150</displaywidth>
    <displayheight>90</displayheight>
    <font family="Tahoma" size="10" style="Regular" color="000000" />
  </stage>
  <stage stageid="f722d8bd-5986-4a38-8fd3-ef37988e2251" name="Start" type="Start">
    <subsheetid>cb381b8f-8841-4cd8-a40b-e4e2a71aa2b5</subsheetid>
    <loginhibit />
    <narrative>
    </narrative>
    <displayx>0</displayx>
    <displayy>-240</displayy>
    <displaywidth>60</displaywidth>
    <displayheight>30</displayheight>
    <font family="Tahoma" size="10" style="Regular" color="000000" />
    <onsuccess>40ce942c-0c8e-4daa-a2ff-3861de57c748</onsuccess>
  </stage>
  <stage stageid="6ee37d82-8964-4e20-94cb-6a4805351dbf" name="End" type="End">
    <subsheetid>cb381b8f-8841-4cd8-a40b-e4e2a71aa2b5</subsheetid>
    <loginhibit />
    <narrative>
    </narrative>
    <displayx>0</displayx>
    <displayy>285</displayy>
    <displaywidth>60</displaywidth>
    <displayheight>30</displayheight>
    <font family="Tahoma" size="10" style="Regular" color="000000" />
    <outputs>
      <output type="text" name="result" stage="Output" />
    </outputs>
  </stage>
  <stage stageid="40ce942c-0c8e-4daa-a2ff-3861de57c748" name="Attach" type="SubSheet">
    <subsheetid>cb381b8f-8841-4cd8-a40b-e4e2a71aa2b5</subsheetid>
    <loginhibit />
    <narrative>
    </narrative>
    <displayx>0</displayx>
    <displayy>-165</displayy>
    <displaywidth>60</displaywidth>
    <displayheight>30</displayheight>
    <font family="Tahoma" size="10" style="Regular" color="000000" />
    <onsuccess>a616b2e9-a4b9-4d56-b1ad-9adae127cbf2</onsuccess>
    <processid>44b5a299-77eb-4e5d-a342-fd245b848103</processid>
  </stage>
  <stage stageid="1bb0b821-8d49-4012-90c2-25f4dd4ec709" name="Click on button 8" type="Navigate">
    <subsheetid>cb381b8f-8841-4cd8-a40b-e4e2a71aa2b5</subsheetid>
    <loginhibit />
    <narrative>
    </narrative>
    <displayx>0</displayx>
    <displayy>-90</displayy>
    <displaywidth>120</displaywidth>
    <displayheight>30</displayheight>
    <font family="Tahoma" size="10" style="Regular" color="000000" />
    <onsuccess>8a4fe923-159f-43c9-9168-14867ff13b08</onsuccess>
    <step>
      <element id="34fd59af-9b1c-4cbe-ac07-9c53be1bee57" />
      <action>
        <id>Press</id>
      </action>
    </step>
  </stage>
  <stage stageid="5cdc39b2-fb03-4288-8d02-6531a73b765c" name="Time Out1" type="WaitEnd">
    <subsheetid>cb381b8f-8841-4cd8-a40b-e4e2a71aa2b5</subsheetid>
    <loginhibit />
    <narrative>
    </narrative>
    <displayx>345</displayx>
    <displayy>120</displayy>
    <displaywidth>30</displaywidth>
    <displayheight>30</displayheight>
    <font family="Tahoma" size="10" style="Regular" color="000000" />
    <onsuccess>6ee37d82-8964-4e20-94cb-6a4805351dbf</onsuccess>
    <groupid>37c36e72-af7d-45c8-aa90-cd5e0f269c2e</groupid>
  </stage>
  <stage stageid="a616b2e9-a4b9-4d56-b1ad-9adae127cbf2" name="Wait1" type="WaitStart">
    <subsheetid>cb381b8f-8841-4cd8-a40b-e4e2a71aa2b5</subsheetid>
    <loginhibit />
    <narrative>
    </narrative>
    <displayx>345</displayx>
    <displayy>-165</displayy>
    <displaywidth>30</displaywidth>
    <displayheight>30</displayheight>
    <font family="Tahoma" size="10" style="Regular" color="000000" />
    <groupid>37c36e72-af7d-45c8-aa90-cd5e0f269c2e</groupid>
    <choices>
      <choice reply="True">
        <name>Main Window Check Exists</name>
        <distance>75</distance>
        <ontrue>d4b20b6b-8108-4340-b561-68e4bf6d2183</ontrue>
        <element id="acc509d3-585f-48b4-92a2-1bcb071e07e3" />
        <condition>
          <id>CheckExists</id>
        </condition>
        <comparetype>Equal</comparetype>
      </choice>
    </choices>
    <timeout>5</timeout>
  </stage>
  <stage stageid="d4b20b6b-8108-4340-b561-68e4bf6d2183" name="Activate" type="Navigate">
    <subsheetid>cb381b8f-8841-4cd8-a40b-e4e2a71aa2b5</subsheetid>
    <loginhibit />
    <narrative>
    </narrative>
    <displayx>180</displayx>
    <displayy>-90</displayy>
    <displaywidth>60</displaywidth>
    <displayheight>30</displayheight>
    <font family="Tahoma" size="10" style="Regular" color="000000" />
    <onsuccess>1bb0b821-8d49-4012-90c2-25f4dd4ec709</onsuccess>
    <step>
      <element id="acc509d3-585f-48b4-92a2-1bcb071e07e3" />
      <action>
        <id>ActivateApp</id>
      </action>
    </step>
  </stage>
  <stage stageid="8a4fe923-159f-43c9-9168-14867ff13b08" name="Click on button substract" type="Navigate">
    <subsheetid>cb381b8f-8841-4cd8-a40b-e4e2a71aa2b5</subsheetid>
    <loginhibit />
    <narrative>
    </narrative>
    <displayx>0</displayx>
    <displayy>-15</displayy>
    <displaywidth>150</displaywidth>
    <displayheight>30</displayheight>
    <font family="Tahoma" size="10" style="Regular" color="000000" />
    <onsuccess>6909008f-bd9c-4847-b883-144fb412433b</onsuccess>
    <step>
      <element id="463a962b-c09d-469a-88b5-667e87689b03" />
      <action>
        <id>Press</id>
      </action>
    </step>
  </stage>
  <stage stageid="6909008f-bd9c-4847-b883-144fb412433b" name="Click on button 7" type="Navigate">
    <subsheetid>cb381b8f-8841-4cd8-a40b-e4e2a71aa2b5</subsheetid>
    <loginhibit />
    <narrative>
    </narrative>
    <displayx>0</displayx>
    <displayy>60</displayy>
    <displaywidth>120</displaywidth>
    <displayheight>30</displayheight>
    <font family="Tahoma" size="10" style="Regular" color="000000" />
    <onsuccess>89235e11-529e-4717-b440-fdcc9a0b6d67</onsuccess>
    <step>
      <element id="be44326d-77dc-4157-86cd-ae6769fa6f9a" />
      <action>
        <id>Press</id>
      </action>
    </step>
  </stage>
  <stage stageid="89235e11-529e-4717-b440-fdcc9a0b6d67" name="Click on button equal to" type="Navigate">
    <subsheetid>cb381b8f-8841-4cd8-a40b-e4e2a71aa2b5</subsheetid>
    <loginhibit />
    <narrative>
    </narrative>
    <displayx>0</displayx>
    <displayy>135</displayy>
    <displaywidth>90</displaywidth>
    <displayheight>30</displayheight>
    <font family="Tahoma" size="10" style="Regular" color="000000" />
    <onsuccess>c20df2d8-153e-493b-83be-c71ec8666032</onsuccess>
    <step>
      <element id="34b2244d-566d-479b-b8c2-fa8a055db7c2" />
      <action>
        <id>Press</id>
      </action>
    </step>
  </stage>
  <stage stageid="c20df2d8-153e-493b-83be-c71ec8666032" name="Read result" type="Read">
    <subsheetid>cb381b8f-8841-4cd8-a40b-e4e2a71aa2b5</subsheetid>
    <loginhibit />
    <narrative>
    </narrative>
    <displayx>0</displayx>
    <displayy>210</displayy>
    <displaywidth>60</displaywidth>
    <displayheight>30</displayheight>
    <font family="Tahoma" size="10" style="Regular" color="000000" />
    <onsuccess>6ee37d82-8964-4e20-94cb-6a4805351dbf</onsuccess>
    <step stage="Output">
      <element id="829b905d-2120-4ede-934e-34ab7c7f29f9" />
      <action>
        <id>GetWindowText</id>
      </action>
    </step>
  </stage>
  <stage stageid="898f5639-41e4-4816-b341-a06afaa4ba5d" name="Output" type="Data">
    <subsheetid>cb381b8f-8841-4cd8-a40b-e4e2a71aa2b5</subsheetid>
    <narrative>
    </narrative>
    <displayx>75</displayx>
    <displayy>210</displayy>
    <displaywidth>60</displaywidth>
    <displayheight>30</displayheight>
    <font family="Tahoma" size="10" style="Regular" color="000000" />
    <datatype>text</datatype>
    <initialvalue />
    <private />
    <alwaysinit />
  </stage>
  <stage stageid="19dc15c5-32f3-4dd1-8573-573f2a1e04a4" name="Add" type="SubSheetInfo">
    <subsheetid>21db85ec-b0ab-4867-9cb6-75c546a2130a</subsheetid>
    <narrative>
    </narrative>
    <displayx>-195</displayx>
    <displayy>-105</displayy>
    <displaywidth>150</displaywidth>
    <displayheight>90</displayheight>
    <font family="Tahoma" size="10" style="Regular" color="000000" />
  </stage>
  <stage stageid="ca7363fe-165a-48bd-a509-2b9ce02976c3" name="Start" type="Start">
    <subsheetid>21db85ec-b0ab-4867-9cb6-75c546a2130a</subsheetid>
    <loginhibit />
    <narrative>
    </narrative>
    <displayx>-30</displayx>
    <displayy>-285</displayy>
    <displaywidth>60</displaywidth>
    <displayheight>30</displayheight>
    <font family="Tahoma" size="10" style="Regular" color="000000" />
    <onsuccess>c5c2e1ba-b0cd-4202-b2b6-1e5d40aba4c8</onsuccess>
  </stage>
  <stage stageid="8db17394-a395-4b6e-9814-a3cde4468730" name="End" type="End">
    <subsheetid>21db85ec-b0ab-4867-9cb6-75c546a2130a</subsheetid>
    <loginhibit />
    <narrative>
    </narrative>
    <displayx>-30</displayx>
    <displayy>240</displayy>
    <displaywidth>60</displaywidth>
    <displayheight>30</displayheight>
    <font family="Tahoma" size="10" style="Regular" color="000000" />
    <outputs>
      <output type="text" name="Result" stage="Output" />
    </outputs>
  </stage>
  <stage stageid="c5c2e1ba-b0cd-4202-b2b6-1e5d40aba4c8" name="Attach" type="SubSheet">
    <subsheetid>21db85ec-b0ab-4867-9cb6-75c546a2130a</subsheetid>
    <loginhibit />
    <narrative>
    </narrative>
    <displayx>-30</displayx>
    <displayy>-210</displayy>
    <displaywidth>60</displaywidth>
    <displayheight>30</displayheight>
    <font family="Tahoma" size="10" style="Regular" color="000000" />
    <onsuccess>298b7c38-e361-4ade-a96b-5a3a94d1a67d</onsuccess>
    <processid>44b5a299-77eb-4e5d-a342-fd245b848103</processid>
  </stage>
  <stage stageid="4cfa7c80-eca1-4289-a61b-9db43884e79d" name="Click on button 8" type="Navigate">
    <subsheetid>21db85ec-b0ab-4867-9cb6-75c546a2130a</subsheetid>
    <loginhibit />
    <narrative>
    </narrative>
    <displayx>-30</displayx>
    <displayy>-135</displayy>
    <displaywidth>120</displaywidth>
    <displayheight>30</displayheight>
    <font family="Tahoma" size="10" style="Regular" color="000000" />
    <onsuccess>2730a26e-65c0-465d-8025-4b414cf1fc5d</onsuccess>
    <step>
      <element id="34fd59af-9b1c-4cbe-ac07-9c53be1bee57" />
      <action>
        <id>Press</id>
      </action>
    </step>
  </stage>
  <stage stageid="e1ff8f00-bf59-4708-bf6e-865277690522" name="Time Out1" type="WaitEnd">
    <subsheetid>21db85ec-b0ab-4867-9cb6-75c546a2130a</subsheetid>
    <loginhibit />
    <narrative>
    </narrative>
    <displayx>315</displayx>
    <displayy>75</displayy>
    <displaywidth>30</displaywidth>
    <displayheight>30</displayheight>
    <font family="Tahoma" size="10" style="Regular" color="000000" />
    <onsuccess>8db17394-a395-4b6e-9814-a3cde4468730</onsuccess>
    <groupid>d4ff2a7d-ffd8-4e48-b035-0b4a58085548</groupid>
  </stage>
  <stage stageid="298b7c38-e361-4ade-a96b-5a3a94d1a67d" name="Wait1" type="WaitStart">
    <subsheetid>21db85ec-b0ab-4867-9cb6-75c546a2130a</subsheetid>
    <loginhibit />
    <narrative>
    </narrative>
    <displayx>315</displayx>
    <displayy>-210</displayy>
    <displaywidth>30</displaywidth>
    <displayheight>30</displayheight>
    <font family="Tahoma" size="10" style="Regular" color="000000" />
    <groupid>d4ff2a7d-ffd8-4e48-b035-0b4a58085548</groupid>
    <choices>
      <choice reply="True">
        <name>Main Window Check Exists</name>
        <distance>75</distance>
        <ontrue>b3f78957-7506-405f-b948-05f0e7596de1</ontrue>
        <element id="acc509d3-585f-48b4-92a2-1bcb071e07e3" />
        <condition>
          <id>CheckExists</id>
        </condition>
        <comparetype>Equal</comparetype>
      </choice>
    </choices>
    <timeout>5</timeout>
  </stage>
  <stage stageid="b3f78957-7506-405f-b948-05f0e7596de1" name="Activate" type="Navigate">
    <subsheetid>21db85ec-b0ab-4867-9cb6-75c546a2130a</subsheetid>
    <loginhibit />
    <narrative>
    </narrative>
    <displayx>150</displayx>
    <displayy>-135</displayy>
    <displaywidth>60</displaywidth>
    <displayheight>30</displayheight>
    <font family="Tahoma" size="10" style="Regular" color="000000" />
    <onsuccess>4cfa7c80-eca1-4289-a61b-9db43884e79d</onsuccess>
    <step>
      <element id="acc509d3-585f-48b4-92a2-1bcb071e07e3" />
      <action>
        <id>ActivateApp</id>
      </action>
    </step>
  </stage>
  <stage stageid="2730a26e-65c0-465d-8025-4b414cf1fc5d" name="Click on button Add" type="Navigate">
    <subsheetid>21db85ec-b0ab-4867-9cb6-75c546a2130a</subsheetid>
    <loginhibit />
    <narrative>
    </narrative>
    <displayx>-30</displayx>
    <displayy>-60</displayy>
    <displaywidth>150</displaywidth>
    <displayheight>30</displayheight>
    <font family="Tahoma" size="10" style="Regular" color="000000" />
    <onsuccess>3514b959-8230-49f4-aa39-8f159fa2108f</onsuccess>
    <step>
      <element id="8af05cd4-3821-463f-b9af-85d6233d2bf2" />
      <action>
        <id>Press</id>
      </action>
    </step>
  </stage>
  <stage stageid="3514b959-8230-49f4-aa39-8f159fa2108f" name="Click on button 7" type="Navigate">
    <subsheetid>21db85ec-b0ab-4867-9cb6-75c546a2130a</subsheetid>
    <loginhibit />
    <narrative>
    </narrative>
    <displayx>-30</displayx>
    <displayy>15</displayy>
    <displaywidth>120</displaywidth>
    <displayheight>30</displayheight>
    <font family="Tahoma" size="10" style="Regular" color="000000" />
    <onsuccess>4d7cbce7-e973-41bd-b8e7-7360609d1f41</onsuccess>
    <step>
      <element id="be44326d-77dc-4157-86cd-ae6769fa6f9a" />
      <action>
        <id>Press</id>
      </action>
    </step>
  </stage>
  <stage stageid="4d7cbce7-e973-41bd-b8e7-7360609d1f41" name="Click on button equal to" type="Navigate">
    <subsheetid>21db85ec-b0ab-4867-9cb6-75c546a2130a</subsheetid>
    <loginhibit />
    <narrative>
    </narrative>
    <displayx>-30</displayx>
    <displayy>90</displayy>
    <displaywidth>90</displaywidth>
    <displayheight>30</displayheight>
    <font family="Tahoma" size="10" style="Regular" color="000000" />
    <onsuccess>eeaab018-b35e-43ae-9304-a256416eda7c</onsuccess>
    <step>
      <element id="34b2244d-566d-479b-b8c2-fa8a055db7c2" />
      <action>
        <id>Press</id>
      </action>
    </step>
  </stage>
  <stage stageid="eeaab018-b35e-43ae-9304-a256416eda7c" name="Read result" type="Read">
    <subsheetid>21db85ec-b0ab-4867-9cb6-75c546a2130a</subsheetid>
    <loginhibit />
    <narrative>
    </narrative>
    <displayx>-30</displayx>
    <displayy>165</displayy>
    <displaywidth>60</displaywidth>
    <displayheight>30</displayheight>
    <font family="Tahoma" size="10" style="Regular" color="000000" />
    <onsuccess>8db17394-a395-4b6e-9814-a3cde4468730</onsuccess>
    <step stage="Output">
      <element id="829b905d-2120-4ede-934e-34ab7c7f29f9" />
      <action>
        <id>GetWindowText</id>
      </action>
    </step>
  </stage>
  <stage stageid="414daa63-d4e0-4430-aec7-24c30c6c9748" name="Output" type="Data">
    <subsheetid>21db85ec-b0ab-4867-9cb6-75c546a2130a</subsheetid>
    <narrative>
    </narrative>
    <displayx>45</displayx>
    <displayy>165</displayy>
    <displaywidth>60</displaywidth>
    <displayheight>30</displayheight>
    <font family="Tahoma" size="10" style="Regular" color="000000" />
    <datatype>text</datatype>
    <initialvalue />
    <private />
    <alwaysinit />
  </stage>
</process>